{
  "assetsByChunkName": {
    "vendors~app-account~app-checkout~app-confirmation~app-order": "chunk.47594eb60382563a83e0.js",
    "vendors~app-account~app-confirmation~app-order": "chunk.2b92993912c47d0a7bb2.js",
    "vendors~app-account~app-checkout": "chunk.32544c2b834f0aec369a.js",
    "vendors~app-cart~app-checkout": "chunk.a89d10ca44dc98d6c365.js",
    "admin": [
      "admin.a83de5717f21d66b6f5a.js",
      "admin.a83de5717f21d66b6f5a.js.map"
    ],
    "app-account": "chunk.14811453a26120338664.js",
    "app-checkout": "chunk.d25448078efcdc31c5e8.js",
    "app-confirmation": "chunk.f25d3dbd93c8360938a1.js",
    "app-order": "chunk.619008b1e5f454fa7b27.js",
    "checkout": [
      "checkout.858f35a4d17e9d261960.js",
      "checkout.858f35a4d17e9d261960.js.map"
    ],
    "storefront": [
      "storefront.93660cde755bb826ad0d.css",
      "storefront.9eb2a83ff29736f8b20c.js",
      "storefront.93660cde755bb826ad0d.css.map",
      "storefront.9eb2a83ff29736f8b20c.js.map"
    ],
    "vendors~app-cart": "chunk.1a0b46f067413fdbce28.js"
  }
}